from_table,from_column,to_table,to_column,operator,confidence,rel_type,source,notes,evidence_count,sources_all,rel_types_all,warnings_from,warnings_to,reverse_from_table,reverse_from_column,reverse_to_table,reverse_to_column
ANCVST,an,IPT,an,=,high,universal,relationships.md,,2,relationships.md,universal,,,IPT,an,ANCVST,an
ANCVST,cliniclct,CLINICLCT,cliniclct,=,high,table match,relationships.md,,2,relationships.md,table match,,,CLINICLCT,cliniclct,ANCVST,cliniclct
ANCVST,hn,PT,hn,=,high,universal,relationships.md,,2,relationships.md,universal,,,PT,hn,ANCVST,hn
ANCVST,occptn,OCCPTN,occptn,=,high,table match,relationships.md,,1,relationships.md,table match,,,OCCPTN,occptn,ANCVST,occptn
ANCVST,treatline,TREATLINE,treatline,=,high,table match,relationships.md,,1,relationships.md,table match,,,TREATLINE,treatline,ANCVST,treatline
ANCVST,vn,IPT,vn,=,high,universal,relationships.md,,1,relationships.md,universal,,,IPT,vn,ANCVST,vn
ANCVST,vn,OVST,vn,=,heuristic,heuristic_home,heuristic,,2,heuristic,heuristic_home,,home_key_override: was FK -> IPT.vn(high:universal),OVST,vn,ANCVST,vn
ANPREOP,an,IPT,an,=,high,universal,relationships.md,,1,relationships.md,universal,,,IPT,an,ANPREOP,an
ANPREOP,hn,PT,hn,=,high,universal,relationships.md,,1,relationships.md,universal,,,PT,hn,ANPREOP,hn
ARPT,an,IPT,an,=,high,universal,relationships.md,,2,relationships.md,universal,,,IPT,an,ARPT,an
ARPT,changwat,CHANGWAT,changwat,=,high,table match,relationships.md,,2,relationships.md,table match,,,CHANGWAT,changwat,ARPT,changwat
ARPT,claimlct,CLAIMLCT,claimlct,=,high,table match,relationships.md,,2,relationships.md,table match,,,CLAIMLCT,claimlct,ARPT,claimlct
ARPT,dchst,DCHST,dchst,=,high,table match,relationships.md,,2,relationships.md,table match,,,DCHST,dchst,ARPT,dchst
ARPT,dchtype,DCHTYPE,dchtype,=,high,table match,relationships.md,,2,relationships.md,table match,,,DCHTYPE,dchtype,ARPT,dchtype
ARPT,hn,PT,hn,=,high,universal,relationships.md,,2,relationships.md,universal,,,PT,hn,ARPT,hn
ARPT,mainhpt,MAINHPT,mainhpt,=,high,table match,relationships.md,,1,relationships.md,table match,,,MAINHPT,mainhpt,ARPT,mainhpt
ARPT,pttype,PTTYPE,pttype,=,high,table match,relationships.md,,2,relationships.md,table match,,,PTTYPE,pttype,ARPT,pttype
ARPT,pttypeext,PTTYPEEXT,pttypeext,=,high,table match,relationships.md,,2,relationships.md,table match,,,PTTYPEEXT,pttypeext,ARPT,pttypeext
ARPTINC,arno,ARPT,arno,=,medium,ARPT,relationships.md,,2,relationships.md,ARPT,,,ARPT,arno,ARPTINC,arno
ARPTINC,incgrp,INCGRP,incgrp,=,high,table match,relationships.md,,2,relationships.md,table match,,,INCGRP,incgrp,ARPTINC,incgrp
BDLABANC,hn,PT,hn,=,high,universal,relationships.md,,1,relationships.md,universal,,,PT,hn,BDLABANC,hn
BDVST,an,IPT,an,=,high,universal,relationships.md,,2,relationships.md,universal,,,IPT,an,BDVST,an
BDVST,bdbranch,BDBRANCH,bdbranch,=,high,table match,relationships.md,,1,relationships.md,table match,,,BDBRANCH,bdbranch,BDVST,bdbranch
BDVST,bdvstst,BDVSTST,bdvstst,=,high,table match,relationships.md,,1,relationships.md,table match,,,BDVSTST,bdvstst,BDVST,bdvstst
BDVST,dct,DCT,dct,=,high,table match,relationships.md,,2,relationships.md,table match,,,DCT,dct,BDVST,dct
BDVST,hn,PT,hn,=,high,universal,relationships.md,,2,relationships.md,universal,,,PT,hn,BDVST,hn
BDVST,icd10,ICD10,icd10,=,high,table match,relationships.md,,2,relationships.md,table match,,,ICD10,icd10,BDVST,icd10
BDVST,pttype,PTTYPE,pttype,=,high,table match,relationships.md,,2,relationships.md,table match,,,PTTYPE,pttype,BDVST,pttype
BDVST,vn,IPT,vn,=,high,universal,relationships.md,,1,relationships.md,universal,,,IPT,vn,BDVST,vn
BDVST,vn,OVST,vn,=,heuristic,heuristic_home,heuristic,,2,heuristic,heuristic_home,,home_key_override: was FK -> IPT.vn(high:universal),OVST,vn,BDVST,vn
BDVSTCSMT,hn,BDVST,hn,=,medium,BDVST,relationships.md,,1,relationships.md,BDVST,,,BDVST,hn,BDVSTCSMT,hn
BDVSTCSMT,hn,PT,hn,=,high,universal,relationships.md,,1,relationships.md,universal,,,PT,hn,BDVSTCSMT,hn
BDVSTDT,hn,PT,hn,=,high,universal,relationships.md,,1,relationships.md,universal,,,PT,hn,BDVSTDT,hn
BDVSTDT,reqno,BDVST,reqno,=,medium,BDVST,relationships.md,,1,relationships.md,BDVST,,,BDVST,reqno,BDVSTDT,reqno
BDVSTTRANS,an,IPT,an,=,high,universal,relationships.md,,1,relationships.md,universal,,,IPT,an,BDVSTTRANS,an
BDVSTTRANS,hn,BDVST,hn,=,medium,BDVST,relationships.md,,1,relationships.md,BDVST,,,BDVST,hn,BDVSTTRANS,hn
BDVSTTRANS,hn,PT,hn,=,high,universal,relationships.md,,1,relationships.md,universal,,,PT,hn,BDVSTTRANS,hn
BDVST_ABO,dct,DCT,dct,=,high,table match,relationships.md,,1,relationships.md,table match,,,DCT,dct,BDVST_ABO,dct
BDVST_ABO,hn,BDVST,hn,=,medium,BDVST,relationships.md,,1,relationships.md,BDVST,,,BDVST,hn,BDVST_ABO,hn
BDVST_ABO,hn,PT,hn,=,high,universal,relationships.md,,1,relationships.md,universal,,,PT,hn,BDVST_ABO,hn
CLAIMLCT,changwat,CHANGWAT,changwat,=,high,table match,relationships.md,,2,relationships.md,table match,,,CHANGWAT,changwat,CLAIMLCT,changwat
CLAIMLCT,claimtitle,CLAIMTITLE,claimtitle,=,high,table match,relationships.md,,1,relationships.md,table match,,,CLAIMTITLE,claimtitle,CLAIMLCT,claimtitle
CLINICLCT,clinictype,CLINICTYPE,clinictype,=,high,table match,relationships.md,,2,relationships.md,table match,,,CLINICTYPE,clinictype,CLINICLCT,clinictype
CLINICLCT,dct,DCT,dct,=,high,table match,relationships.md,,1,relationships.md,table match,,,DCT,dct,CLINICLCT,dct
CLINICLCT,spclty,SPCLTY,spclty,=,high,table match,relationships.md,,1,relationships.md,table match,,,SPCLTY,spclty,CLINICLCT,spclty
CNER,changwat,CHANGWAT,changwat,=,high,table match,relationships.md,,1,relationships.md,table match,,,CHANGWAT,changwat,CNER,changwat
CNER,cliniclct,CLINICLCT,cliniclct,=,high,table match,relationships.md,,2,relationships.md,table match,,,CLINICLCT,cliniclct,CNER,cliniclct
CNER,erdchst,ERDCHST,erdchst,=,high,table match,relationships.md,,1,relationships.md,table match,,,ERDCHST,erdchst,CNER,erdchst
CNER,erdchsttype,ERDCHSTTYPE,erdchsttype,=,high,table match,relationships.md,,2,relationships.md,table match,,,ERDCHSTTYPE,erdchsttype,CNER,erdchsttype
CNER,erillness,ERILLNESS,erillness,=,high,table match,relationships.md,,1,relationships.md,table match,,,ERILLNESS,erillness,CNER,erillness
CNER,hn,PT,hn,=,high,universal,relationships.md,,2,relationships.md,universal,,,PT,hn,CNER,hn
DCT,spclty,SPCLTY,spclty,=,high,table match,relationships.md,,1,relationships.md,table match,,,SPCLTY,spclty,DCT,spclty
DCTDISCHANGE,ovstost,OVSTOST,ovstost,=,high,table match,relationships.md,,2,relationships.md,table match,,,OVSTOST,ovstost,DCTDISCHANGE,ovstost
DCTORDER,an,IPT,an,=,high,universal,relationships.md,,1,relationships.md,universal,,,IPT,an,DCTORDER,an
DCTORDER,hn,PT,hn,=,high,universal,relationships.md,,1,relationships.md,universal,,,PT,hn,DCTORDER,hn
DCTORDERPATHOPREG,hn,DCTORDER,hn,=,medium,DCTORDER,relationships.md,,1,relationships.md,DCTORDER,,,DCTORDER,hn,DCTORDERPATHOPREG,hn
DCTORDERPATHOPREG,hn,PT,hn,=,high,universal,relationships.md,,2,relationships.md,universal,,,PT,hn,DCTORDERPATHOPREG,hn
DCTORDERPRSC,an,IPT,an,=,high,universal,relationships.md,,2,relationships.md,universal,,,IPT,an,DCTORDERPRSC,an
DCTORDERPRSC,hn,DCTORDER,hn,=,medium,DCTORDER,relationships.md,,1,relationships.md,DCTORDER,,,DCTORDER,hn,DCTORDERPRSC,hn
DCTORDERPRSC,hn,PT,hn,=,high,universal,relationships.md,,2,relationships.md,universal,,,PT,hn,DCTORDERPRSC,hn
DCTORDERPRSC,medsymptom,MEDSYMPTOM,medsymptom,=,high,table match,relationships.md,,2,relationships.md,table match,,,MEDSYMPTOM,medsymptom,DCTORDERPRSC,medsymptom
DCTORDERPRSC,meduseqty,MEDUSEQTY,meduseqty,=,high,table match,relationships.md,,2,relationships.md,table match,,,MEDUSEQTY,meduseqty,DCTORDERPRSC,meduseqty
DCTORDERPRSC,medusetime,MEDUSETIME,medusetime,=,high,table match,relationships.md,,2,relationships.md,table match,,,MEDUSETIME,medusetime,DCTORDERPRSC,medusetime
DCTORDERPRSC,medusetype,MEDUSETYPE,medusetype,=,high,table match,relationships.md,,2,relationships.md,table match,,,MEDUSETYPE,medusetype,DCTORDERPRSC,medusetype
DCTORDERPRSC,meduseunit,MEDUSEUNIT,meduseunit,=,high,table match,relationships.md,,2,relationships.md,table match,,,MEDUSEUNIT,meduseunit,DCTORDERPRSC,meduseunit
DLVST,ancplace,ANCPLACE,ancplace,=,high,table match,relationships.md,,2,relationships.md,table match,,,ANCPLACE,ancplace,DLVST,ancplace
DLVST,cmiatest,CMIATEST,cmiatest,=,high,table match,relationships.md,,1,relationships.md,table match,,,CMIATEST,cmiatest,DLVST,cmiatest
DLVST,cmiatestnew,CMIATESTNEW,cmiatestnew,=,high,table match,relationships.md,,1,relationships.md,table match,,,CMIATESTNEW,cmiatestnew,DLVST,cmiatestnew
DLVST,hivtest,HIVTEST,hivtest,=,high,table match,relationships.md,,1,relationships.md,table match,,,HIVTEST,hivtest,DLVST,hivtest
DLVST,icd10,ICD10,icd10,=,high,table match,relationships.md,,2,relationships.md,table match,,,ICD10,icd10,DLVST,icd10
DLVST,rhtest,RHTEST,rhtest,=,high,table match,relationships.md,,1,relationships.md,table match,,,RHTEST,rhtest,DLVST,rhtest
DLVST,tphatest,TPHATEST,tphatest,=,high,table match,relationships.md,,1,relationships.md,table match,,,TPHATEST,tphatest,DLVST,tphatest
DLVSTAFBRTHSIGN,dlvstreqno,DLVST,dlvstreqno,=,medium,DLVST,relationships.md,,2,relationships.md,DLVST,,,DLVST,dlvstreqno,DLVSTAFBRTHSIGN,dlvstreqno
DLVSTAFBRTHSIGN,icd10,ICD10,icd10,=,high,table match,relationships.md,,2,relationships.md,table match,,,ICD10,icd10,DLVSTAFBRTHSIGN,icd10
DLVSTDESC,dlposition,DLPOSITION,dlposition,=,high,table match,relationships.md,,2,relationships.md,table match,,,DLPOSITION,dlposition,DLVSTDESC,dlposition
DLVSTDESC,dlvstreqno,DLVST,dlvstreqno,=,medium,DLVST,relationships.md,,2,relationships.md,DLVST,,,DLVST,dlvstreqno,DLVSTDESC,dlvstreqno
DLVSTDT,dlanormal,DLANORMAL,dlanormal,=,high,table match,relationships.md,,1,relationships.md,table match,,,DLANORMAL,dlanormal,DLVSTDT,dlanormal
DLVSTDT,dlvstreqno,DLVST,dlvstreqno,=,medium,DLVST,relationships.md,,1,relationships.md,DLVST,,,DLVST,dlvstreqno,DLVSTDT,dlvstreqno
DLVSTDT,male,MALE,male,=,high,table match,relationships.md,,1,relationships.md,table match,,,MALE,male,DLVSTDT,male
DLVSTDT,ntnlty,NTNLTY,ntnlty,=,high,table match,relationships.md,,1,relationships.md,table match,,,NTNLTY,ntnlty,DLVSTDT,ntnlty
DLVSTEXT,an,IPT,an,=,high,universal,relationships.md,,2,relationships.md,universal,,,IPT,an,DLVSTEXT,an
DLVSTEXT,ancplace,ANCPLACE,ancplace,=,high,table match,relationships.md,,2,relationships.md,table match,,,ANCPLACE,ancplace,DLVSTEXT,ancplace
DLVSTEXT,changwat,CHANGWAT,changwat,=,high,table match,relationships.md,,1,relationships.md,table match,,,CHANGWAT,changwat,DLVSTEXT,changwat
DLVSTEXT,cmiatest,CMIATEST,cmiatest,=,high,table match,relationships.md,,1,relationships.md,table match,,,CMIATEST,cmiatest,DLVSTEXT,cmiatest
DLVSTEXT,cmiatestnew,CMIATESTNEW,cmiatestnew,=,high,table match,relationships.md,,1,relationships.md,table match,,,CMIATESTNEW,cmiatestnew,DLVSTEXT,cmiatestnew
DLVSTEXT,dlvstreqno,DLVST,dlvstreqno,=,medium,DLVST,relationships.md,,2,relationships.md,DLVST,,,DLVST,dlvstreqno,DLVSTEXT,dlvstreqno
DLVSTEXT,hivtest,HIVTEST,hivtest,=,high,table match,relationships.md,,1,relationships.md,table match,,,HIVTEST,hivtest,DLVSTEXT,hivtest
DLVSTEXT,hn,PT,hn,=,high,universal,relationships.md,,2,relationships.md,universal,,,PT,hn,DLVSTEXT,hn
DLVSTEXT,rhtest,RHTEST,rhtest,=,high,table match,relationships.md,,1,relationships.md,table match,,,RHTEST,rhtest,DLVSTEXT,rhtest
DLVSTEXT,tphatest,TPHATEST,tphatest,=,high,table match,relationships.md,,1,relationships.md,table match,,,TPHATEST,tphatest,DLVSTEXT,tphatest
DLVSTEXT,ward,WARD,ward,=,high,table match,relationships.md,,2,relationships.md,table match,,,WARD,ward,DLVSTEXT,ward
ERDCHSTTYPE,erdchst,ERDCHST,erdchst,=,high,table match,relationships.md,,1,relationships.md,table match,,,ERDCHST,erdchst,ERDCHSTTYPE,erdchst
ERZONELCT,cliniclct,CLINICLCT,cliniclct,=,high,table match,relationships.md,,2,relationships.md,table match,,,CLINICLCT,cliniclct,ERZONELCT,cliniclct
EYEASSESSMENT,cliniclct,CLINICLCT,cliniclct,=,high,table match,relationships.md,,1,relationships.md,table match,,,CLINICLCT,cliniclct,EYEASSESSMENT,cliniclct
EYEASSESSMENT,hn,PT,hn,=,high,universal,relationships.md,,1,relationships.md,universal,,,PT,hn,EYEASSESSMENT,hn
EYESCREEN,cliniclct,CLINICLCT,cliniclct,=,high,table match,relationships.md,,1,relationships.md,table match,,,CLINICLCT,cliniclct,EYESCREEN,cliniclct
EYESCREEN,dct,DCT,dct,=,high,table match,relationships.md,,1,relationships.md,table match,,,DCT,dct,EYESCREEN,dct
EYESCREEN,hn,PT,hn,=,high,universal,relationships.md,,1,relationships.md,universal,,,PT,hn,EYESCREEN,hn
EYESCREENDIAG,cliniclct,CLINICLCT,cliniclct,=,high,table match,relationships.md,,1,relationships.md,table match,,,CLINICLCT,cliniclct,EYESCREENDIAG,cliniclct
EYESCREENDIAG,hn,PT,hn,=,high,universal,relationships.md,,1,relationships.md,universal,,,PT,hn,EYESCREENDIAG,hn
EYESCREENEXAM,cliniclct,CLINICLCT,cliniclct,=,high,table match,relationships.md,,1,relationships.md,table match,,,CLINICLCT,cliniclct,EYESCREENEXAM,cliniclct
EYESCREENEXAM,hn,PT,hn,=,high,universal,relationships.md,,1,relationships.md,universal,,,PT,hn,EYESCREENEXAM,hn
EYESCREENNURSE,cliniclct,CLINICLCT,cliniclct,=,high,table match,relationships.md,,1,relationships.md,table match,,,CLINICLCT,cliniclct,EYESCREENNURSE,cliniclct
EYESCREENNURSE,hn,PT,hn,=,high,universal,relationships.md,,1,relationships.md,universal,,,PT,hn,EYESCREENNURSE,hn
EYESCREENOPTOMETRY,cliniclct,CLINICLCT,cliniclct,=,high,table match,relationships.md,,1,relationships.md,table match,,,CLINICLCT,cliniclct,EYESCREENOPTOMETRY,cliniclct
EYESCREENOPTOMETRY,hn,PT,hn,=,high,universal,relationships.md,,1,relationships.md,universal,,,PT,hn,EYESCREENOPTOMETRY,hn
ICD10,male,MALE,male,=,high,table match,relationships.md,,1,relationships.md,table match,,,MALE,male,ICD10,male
ICD9CM,male,MALE,male,=,high,table match,relationships.md,,1,relationships.md,table match,,,MALE,male,ICD9CM,male
INCPRVLG,an,IPT,an,=,high,universal,relationships.md,,2,relationships.md,universal,,,IPT,an,INCPRVLG,an
INCPRVLG,changwat,CHANGWAT,changwat,=,high,table match,relationships.md,,2,relationships.md,table match,,,CHANGWAT,changwat,INCPRVLG,changwat
INCPRVLG,claimlct,CLAIMLCT,claimlct,=,high,table match,relationships.md,,2,relationships.md,table match,,,CLAIMLCT,claimlct,INCPRVLG,claimlct
INCPRVLG,hn,PT,hn,=,high,universal,relationships.md,,2,relationships.md,universal,,,PT,hn,INCPRVLG,hn
INCPRVLG,mainhpt,MAINHPT,mainhpt,=,high,table match,relationships.md,,1,relationships.md,table match,,,MAINHPT,mainhpt,INCPRVLG,mainhpt
INCPRVLG,pttype,PTTYPE,pttype,=,high,table match,relationships.md,,2,relationships.md,table match,,,PTTYPE,pttype,INCPRVLG,pttype
INCPRVLG,pttypeext,PTTYPEEXT,pttypeext,=,high,table match,relationships.md,,2,relationships.md,table match,,,PTTYPEEXT,pttypeext,INCPRVLG,pttypeext
INCPRVLG,sshpt,SSHPT,sshpt,=,high,table match,relationships.md,,1,relationships.md,table match,,,SSHPT,sshpt,INCPRVLG,sshpt
INCPT,an,IPT,an,=,high,universal,relationships.md,,2,relationships.md,universal,,,IPT,an,INCPT,an
INCPT,dct,DCT,dct,=,high,table match,relationships.md,,2,relationships.md,table match,,,DCT,dct,INCPT,dct
INCPT,hn,PT,hn,=,high,universal,relationships.md,,2,relationships.md,universal,,,PT,hn,INCPT,hn
INCPT,incgrp,INCGRP,incgrp,=,high,table match,relationships.md,,2,relationships.md,table match,,,INCGRP,incgrp,INCPT,incgrp
INCPT,paidst,PAIDST,paidst,=,high,table match,relationships.md,,2,relationships.md,table match,,,PAIDST,paidst,INCPT,paidst
INCPT,pttype,PTTYPE,pttype,=,high,table match,relationships.md,,2,relationships.md,table match,,,PTTYPE,pttype,INCPT,pttype
INCPT,pttypeext,PTTYPEEXT,pttypeext,=,high,table match,relationships.md,,2,relationships.md,table match,,,PTTYPEEXT,pttypeext,INCPT,pttypeext
INCPT,vn,IPT,vn,=,high,universal,relationships.md,,1,relationships.md,universal,,,IPT,vn,INCPT,vn
INCPT,vn,OVST,vn,=,heuristic,heuristic_home,heuristic,,2,heuristic,heuristic_home,,home_key_override: was FK -> IPT.vn(high:universal),OVST,vn,INCPT,vn
INCPT,ward,WARD,ward,=,high,table match,relationships.md,,1,relationships.md,table match,,,WARD,ward,INCPT,ward
IPT,claimlct,CLAIMLCT,claimlct,=,high,table match,relationships.md,,1,relationships.md,table match,,,CLAIMLCT,claimlct,IPT,claimlct
IPT,dchst,DCHST,dchst,=,high,table match,relationships.md,,2,relationships.md,table match,,,DCHST,dchst,IPT,dchst
IPT,dchtype,DCHTYPE,dchtype,=,high,table match,relationships.md,,2,relationships.md,table match,,,DCHTYPE,dchtype,IPT,dchtype
IPT,dct,DCT,dct,=,high,table match,relationships.md,,2,relationships.md,table match,,,DCT,dct,IPT,dct
IPT,hn,PT,hn,=,high,universal,relationships.md,,2,relationships.md,universal,,,PT,hn,IPT,hn
IPT,ward,WARD,ward,=,high,table match,relationships.md,,2,relationships.md,table match,,,WARD,ward,IPT,ward
IPTADM,an,IPT,an,=,high,universal,relationships.md,,2,relationships.md,universal,,,IPT,an,IPTADM,an
IPTADM,dct,DCT,dct,=,high,table match,relationships.md,,2,relationships.md,table match,,,DCT,dct,IPTADM,dct
IPTADM,iptadmist,IPTADMIST,iptadmist,=,high,table match,relationships.md,,1,relationships.md,table match,,,IPTADMIST,iptadmist,IPTADM,iptadmist
IPTADM,iptadmost,IPTADMOST,iptadmost,=,high,table match,relationships.md,,1,relationships.md,table match,,,IPTADMOST,iptadmost,IPTADM,iptadmost
IPTADM,pttype,PTTYPE,pttype,=,high,table match,relationships.md,,2,relationships.md,table match,,,PTTYPE,pttype,IPTADM,pttype
IPTADM,spclty,SPCLTY,spclty,=,high,table match,relationships.md,,1,relationships.md,table match,,,SPCLTY,spclty,IPTADM,spclty
IPTADM,ward,WARD,ward,=,high,table match,relationships.md,,2,relationships.md,table match,,,WARD,ward,IPTADM,ward
IPTBOOKBEDICU,an,IPT,an,=,high,universal,relationships.md,,2,relationships.md,universal,,,IPT,an,IPTBOOKBEDICU,an
IPTBOOKBEDICU,cliniclct,CLINICLCT,cliniclct,=,high,table match,relationships.md,,2,relationships.md,table match,,,CLINICLCT,cliniclct,IPTBOOKBEDICU,cliniclct
IPTBOOKBEDICU,dct,DCT,dct,=,high,table match,relationships.md,,2,relationships.md,table match,,,DCT,dct,IPTBOOKBEDICU,dct
IPTBOOKBEDICU,hn,PT,hn,=,high,universal,relationships.md,,2,relationships.md,universal,,,PT,hn,IPTBOOKBEDICU,hn
IPTBOOKBEDICU,treatline,TREATLINE,treatline,=,high,table match,relationships.md,,1,relationships.md,table match,,,TREATLINE,treatline,IPTBOOKBEDICU,treatline
IPTBOOKBEDICU,ward,WARD,ward,=,high,table match,relationships.md,,2,relationships.md,table match,,,WARD,ward,IPTBOOKBEDICU,ward
IPTBOOKBEDICU2,hn,IPTBOOKBEDICU,hn,=,medium,IPTBOOK,relationships.md,,2,relationships.md,IPTBOOK,,,IPTBOOKBEDICU,hn,IPTBOOKBEDICU2,hn
IPTBOOKBEDICU2,hn,PT,hn,=,high,universal,relationships.md,,2,relationships.md,universal,,,PT,hn,IPTBOOKBEDICU2,hn
IPTBOOKBEDICUHST,hn,IPTBOOKBEDICU,hn,=,medium,IPTBOOK,relationships.md,,2,relationships.md,IPTBOOK,,,IPTBOOKBEDICU,hn,IPTBOOKBEDICUHST,hn
IPTBOOKBEDICUHST,hn,PT,hn,=,high,universal,relationships.md,,2,relationships.md,universal,,,PT,hn,IPTBOOKBEDICUHST,hn
IPTINFANTMOTHER,an,IPT,an,=,high,universal,relationships.md,,2,relationships.md,universal,,,IPT,an,IPTINFANTMOTHER,an
IPTINFANTMOTHER,hn,IPT,hn,=,medium,IPT,relationships.md,,2,relationships.md,IPT,,,IPT,hn,IPTINFANTMOTHER,hn
IPTINFANTMOTHER,hn,PT,hn,=,high,universal,relationships.md,,2,relationships.md,universal,,,PT,hn,IPTINFANTMOTHER,hn
IPTSUMDCT,an,IPT,an,=,high,universal,relationships.md,,2,relationships.md,universal,,,IPT,an,IPTSUMDCT,an
IPTSUMDCT,dchst,DCHST,dchst,=,high,table match,relationships.md,,2,relationships.md,table match,,,DCHST,dchst,IPTSUMDCT,dchst
IPTSUMDCT,dchtype,DCHTYPE,dchtype,=,high,table match,relationships.md,,2,relationships.md,table match,,,DCHTYPE,dchtype,IPTSUMDCT,dchtype
IPTSUMDCT,hn,IPT,hn,=,medium,IPT,relationships.md,,2,relationships.md,IPT,,,IPT,hn,IPTSUMDCT,hn
IPTSUMDCT,hn,PT,hn,=,high,universal,relationships.md,,2,relationships.md,universal,,,PT,hn,IPTSUMDCT,hn
IPTSUMDCT,labortype,LABORTYPE,labortype,=,high,table match,relationships.md,,2,relationships.md,table match,,,LABORTYPE,labortype,IPTSUMDCT,labortype
IPTSUMDCT,male,MALE,male,=,high,table match,relationships.md,,2,relationships.md,table match,,,MALE,male,IPTSUMDCT,male
IPTSUMDCT,spclty,SPCLTY,spclty,=,high,table match,relationships.md,,1,relationships.md,table match,,,SPCLTY,spclty,IPTSUMDCT,spclty
IPTSUMDCT,tphatest,TPHATEST,tphatest,=,high,table match,relationships.md,,1,relationships.md,table match,,,TPHATEST,tphatest,IPTSUMDCT,tphatest
IPTSUMDCT,ward,WARD,ward,=,high,table match,relationships.md,,2,relationships.md,table match,,,WARD,ward,IPTSUMDCT,ward
IPTSUMDIAG,an,IPT,an,=,high,universal,relationships.md,,2,relationships.md,universal,,,IPT,an,IPTSUMDIAG,an
IPTSUMDIAG,diagtype,DIAGTYPE,diagtype,=,high,table match,relationships.md,,2,relationships.md,table match,,,DIAGTYPE,diagtype,IPTSUMDIAG,diagtype
IPTSUMDIAG,icd10,ICD10,icd10,=,high,table match,relationships.md,,2,relationships.md,table match,,,ICD10,icd10,IPTSUMDIAG,icd10
IPTSUMDIAG,spclty,SPCLTY,spclty,=,high,table match,relationships.md,,1,relationships.md,table match,,,SPCLTY,spclty,IPTSUMDIAG,spclty
IPTSUMMARY,an,IPT,an,=,high,universal,relationships.md,,2,relationships.md,universal,,,IPT,an,IPTSUMMARY,an
IPTSUMMARY,changwat,CHANGWAT,changwat,=,high,table match,relationships.md,,1,relationships.md,table match,,,CHANGWAT,changwat,IPTSUMMARY,changwat
IPTSUMMARY,dchst,DCHST,dchst,=,high,table match,relationships.md,,2,relationships.md,table match,,,DCHST,dchst,IPTSUMMARY,dchst
IPTSUMMARY,dchtype,DCHTYPE,dchtype,=,high,table match,relationships.md,,2,relationships.md,table match,,,DCHTYPE,dchtype,IPTSUMMARY,dchtype
IPTSUMMARY,hn,PT,hn,=,high,universal,relationships.md,,2,relationships.md,universal,,,PT,hn,IPTSUMMARY,hn
IPTSUMMARY,labortype,LABORTYPE,labortype,=,high,table match,relationships.md,,2,relationships.md,table match,,,LABORTYPE,labortype,IPTSUMMARY,labortype
IPTSUMMARY,male,MALE,male,=,high,table match,relationships.md,,1,relationships.md,table match,,,MALE,male,IPTSUMMARY,male
IPTSUMMARY,ntnlty,NTNLTY,ntnlty,=,high,table match,relationships.md,,1,relationships.md,table match,,,NTNLTY,ntnlty,IPTSUMMARY,ntnlty
IPTSUMMARY,occptn,OCCPTN,occptn,=,high,table match,relationships.md,,1,relationships.md,table match,,,OCCPTN,occptn,IPTSUMMARY,occptn
IPTSUMMARY,spclty,SPCLTY,spclty,=,high,table match,relationships.md,,1,relationships.md,table match,,,SPCLTY,spclty,IPTSUMMARY,spclty
IPTSUMMARY,tphatest,TPHATEST,tphatest,=,high,table match,relationships.md,,1,relationships.md,table match,,,TPHATEST,tphatest,IPTSUMMARY,tphatest
IPTSUMMARY,ward,WARD,ward,=,high,table match,relationships.md,,2,relationships.md,table match,,,WARD,ward,IPTSUMMARY,ward
IPTSUMOPRT,an,IPT,an,=,high,universal,relationships.md,,2,relationships.md,universal,,,IPT,an,IPTSUMOPRT,an
IPTSUMOPRT,icd9cm,ICD9CM,icd9cm,=,high,table match,relationships.md,,2,relationships.md,table match,,,ICD9CM,icd9cm,IPTSUMOPRT,icd9cm
ISPMCREC,isptype,ISPTYPE,isptype,=,high,table match,relationships.md,,2,relationships.md,table match,,,ISPTYPE,isptype,ISPMCREC,isptype
ISPUSEMC,an,IPT,an,=,high,universal,relationships.md,,2,relationships.md,universal,,,IPT,an,ISPUSEMC,an
ISPUSEMC,cliniclct,CLINICLCT,cliniclct,=,high,table match,relationships.md,,2,relationships.md,table match,,,CLINICLCT,cliniclct,ISPUSEMC,cliniclct
ISPUSEMC,hn,PT,hn,=,high,universal,relationships.md,,2,relationships.md,universal,,,PT,hn,ISPUSEMC,hn
ISPUSEMC,isptype,ISPTYPE,isptype,=,high,table match,relationships.md,,2,relationships.md,table match,,,ISPTYPE,isptype,ISPUSEMC,isptype
ISPUSEMC,pttype,PTTYPE,pttype,=,high,table match,relationships.md,,2,relationships.md,table match,,,PTTYPE,pttype,ISPUSEMC,pttype
ISPUSEMC,pttypeext,PTTYPEEXT,pttypeext,=,high,table match,relationships.md,,2,relationships.md,table match,,,PTTYPEEXT,pttypeext,ISPUSEMC,pttypeext
LABEXM,emrgncy,EMRGNCY,emrgncy,=,high,table match,relationships.md,,2,relationships.md,table match,,,EMRGNCY,emrgncy,LABEXM,emrgncy
LABEXM,labgrp,LABGRP,labgrp,=,high,table match,relationships.md,,2,relationships.md,table match,,,LABGRP,labgrp,LABEXM,labgrp
LABEXM,labspcm,LABSPCM,labspcm,=,high,table match,relationships.md,,1,relationships.md,table match,,,LABSPCM,labspcm,LABEXM,labspcm
LABEXMSPCM,labexm,LABEXM,labexm,=,high,table match,relationships.md,,2,relationships.md,table match,,,LABEXM,labexm,LABEXMSPCM,labexm
LABEXMSPCM,labgrp,LABGRP,labgrp,=,high,table match,relationships.md,,2,relationships.md,table match,,,LABGRP,labgrp,LABEXMSPCM,labgrp
LABEXMSPCM,labspcm,LABSPCM,labspcm,=,high,table match,relationships.md,,2,relationships.md,table match,,,LABSPCM,labspcm,LABEXMSPCM,labspcm
LABEXM_CAT,labexm,LABEXM,labexm,=,high,table match,relationships.md,,2,relationships.md,table match,,,LABEXM,labexm,LABEXM_CAT,labexm
LABEXM_CAT,labgrp,LABGRP,labgrp,=,high,table match,relationships.md,,2,relationships.md,table match,,,LABGRP,labgrp,LABEXM_CAT,labgrp
LABMEDICINE,unit,UNIT,unit,=,high,table match,relationships.md,,2,relationships.md,table match,,,UNIT,unit,LABMEDICINE,unit
LABORGANISM_ITA,organism,ORGANISM,organism,=,high,table match,relationships.md,,2,relationships.md,table match,,,ORGANISM,organism,LABORGANISM_ITA,organism
LABSPCM,labgrp,LABGRP,labgrp,=,high,table match,relationships.md,,2,relationships.md,table match,,,LABGRP,labgrp,LABSPCM,labgrp
LCT,lcttype,LCTTYPE,lcttype,=,high,table match,relationships.md,,2,relationships.md,table match,,,LCTTYPE,lcttype,LCT,lcttype
LCT,rmlct,RMLCT,rmlct,=,high,table match,relationships.md,,1,relationships.md,table match,,,RMLCT,rmlct,LCT,rmlct
LPTVST,an,IPT,an,=,high,universal,relationships.md,,1,relationships.md,universal,,,IPT,an,LPTVST,an
LPTVST,dct,DCT,dct,=,high,table match,relationships.md,,1,relationships.md,table match,,,DCT,dct,LPTVST,dct
LPTVSTEXM,an,IPT,an,=,high,universal,relationships.md,,1,relationships.md,universal,,,IPT,an,LPTVSTEXM,an
LVST,an,IPT,an,=,high,universal,relationships.md,,2,relationships.md,universal,,,IPT,an,LVST,an
LVST,dct,DCT,dct,=,high,table match,relationships.md,,2,relationships.md,table match,,,DCT,dct,LVST,dct
LVST,hn,PT,hn,=,high,universal,relationships.md,,1,relationships.md,universal,,,PT,hn,LVST,hn
LVST,labgrp,LABGRP,labgrp,=,high,table match,relationships.md,,2,relationships.md,table match,,,LABGRP,labgrp,LVST,labgrp
LVSTEXM,an,IPT,an,=,high,universal,relationships.md,,2,relationships.md,universal,,,IPT,an,LVSTEXM,an
LVSTEXM,emrgncy,EMRGNCY,emrgncy,=,high,table match,relationships.md,,1,relationships.md,table match,,,EMRGNCY,emrgncy,LVSTEXM,emrgncy
LVSTEXM,hn,PT,hn,=,high,universal,relationships.md,,1,relationships.md,universal,,,PT,hn,LVSTEXM,hn
LVSTEXM,labexm,LABEXM,labexm,=,high,table match,relationships.md,,2,relationships.md,table match,,,LABEXM,labexm,LVSTEXM,labexm
LVSTEXM,labgrp,LABGRP,labgrp,=,high,table match,relationships.md,,2,relationships.md,table match,,,LABGRP,labgrp,LVSTEXM,labgrp
LVSTEXM,labspcm,LABSPCM,labspcm,=,high,table match,relationships.md,,2,relationships.md,table match,,,LABSPCM,labspcm,LVSTEXM,labspcm
LVSTEXMBAC1,labexm,LABEXM,labexm,=,high,table match,relationships.md,,2,relationships.md,table match,,,LABEXM,labexm,LVSTEXMBAC1,labexm
LVSTEXMBAC1,labgrp,LABGRP,labgrp,=,high,table match,relationships.md,,2,relationships.md,table match,,,LABGRP,labgrp,LVSTEXMBAC1,labgrp
LVSTEXMBAC1,labno,LVSTEXM,labno,=,medium,LVSTEXM,relationships.md,,2,relationships.md,LVSTEXM,,,LVSTEXM,labno,LVSTEXMBAC1,labno
LVSTEXMBAC1,organism,ORGANISM,organism,=,high,table match,relationships.md,,2,relationships.md,table match,,,ORGANISM,organism,LVSTEXMBAC1,organism
LVSTEXMBAC2,labexm,LABEXM,labexm,=,high,table match,relationships.md,,2,relationships.md,table match,,,LABEXM,labexm,LVSTEXMBAC2,labexm
LVSTEXMBAC2,labgrp,LABGRP,labgrp,=,high,table match,relationships.md,,2,relationships.md,table match,,,LABGRP,labgrp,LVSTEXMBAC2,labgrp
LVSTEXMBAC2,labno,LVSTEXM,labno,=,medium,LVSTEXM,relationships.md,,2,relationships.md,LVSTEXM,,,LVSTEXM,labno,LVSTEXMBAC2,labno
MAINHPT,changwat,CHANGWAT,changwat,=,high,table match,relationships.md,,1,relationships.md,table match,,,CHANGWAT,changwat,MAINHPT,changwat
MASTERORDER,dct,DCT,dct,=,high,table match,relationships.md,,1,relationships.md,table match,,,DCT,dct,MASTERORDER,dct
MASTERORDER,incgrp,INCGRP,incgrp,=,high,table match,relationships.md,,2,relationships.md,table match,,,INCGRP,incgrp,MASTERORDER,incgrp
MASTERORDER,lct,LCT,lct,=,high,table match,relationships.md,,2,relationships.md,table match,,,LCT,lct,MASTERORDER,lct
MASTERORDER,ordercode,MASTERSALE,ordercode,=,medium,MAST,relationships.md,,2,relationships.md,MAST,,,MASTERSALE,ordercode,MASTERORDER,ordercode
MASTERSALEPTTYPE,ordercode,MASTERSALE,ordercode,=,medium,MAST,relationships.md,,1,relationships.md,MAST,,,MASTERSALE,ordercode,MASTERSALEPTTYPE,ordercode
MASTERSALEPTTYPE,pttype,PTTYPE,pttype,=,high,table match,relationships.md,,1,relationships.md,table match,,,PTTYPE,pttype,MASTERSALEPTTYPE,pttype
MASTERSALEPTTYPE,pttypegrp,PTTYPEGRP,pttypegrp,=,high,table match,relationships.md,,1,relationships.md,table match,,,PTTYPEGRP,pttypegrp,MASTERSALEPTTYPE,pttypegrp
MEDITEMDIS,male,MALE,male,=,high,table match,relationships.md,,1,relationships.md,table match,,,MALE,male,MEDITEMDIS,male
MEDITEMDIS,medcure,MEDCURE,medcure,=,high,table match,relationships.md,,1,relationships.md,table match,,,MEDCURE,medcure,MEDITEMDIS,medcure
MEDITEMDIS,medform,MEDFORM,medform,=,high,table match,relationships.md,,2,relationships.md,table match,,,MEDFORM,medform,MEDITEMDIS,medform
MEDITEMDIS,medsymptom,MEDSYMPTOM,medsymptom,=,high,table match,relationships.md,,2,relationships.md,table match,,,MEDSYMPTOM,medsymptom,MEDITEMDIS,medsymptom
MEDITEMDIS,medtype,MEDTYPE,medtype,=,high,table match,relationships.md,,1,relationships.md,table match,,,MEDTYPE,medtype,MEDITEMDIS,medtype
MEDITEMDIS,meduseqty,MEDUSEQTY,meduseqty,=,high,table match,relationships.md,,2,relationships.md,table match,,,MEDUSEQTY,meduseqty,MEDITEMDIS,meduseqty
MEDITEMDIS,medusetime,MEDUSETIME,medusetime,=,high,table match,relationships.md,,2,relationships.md,table match,,,MEDUSETIME,medusetime,MEDITEMDIS,medusetime
MEDITEMDIS,medusetype,MEDUSETYPE,medusetype,=,high,table match,relationships.md,,2,relationships.md,table match,,,MEDUSETYPE,medusetype,MEDITEMDIS,medusetype
MEDITEMDIS,meduseunit,MEDUSEUNIT,meduseunit,=,high,table match,relationships.md,,2,relationships.md,table match,,,MEDUSEUNIT,meduseunit,MEDITEMDIS,meduseunit
MEDITEMDIS,strengthunit,STRENGTHUNIT,strengthunit,=,high,table match,relationships.md,,2,relationships.md,table match,,,STRENGTHUNIT,strengthunit,MEDITEMDIS,strengthunit
MEDITEMDIS,volumeunit,VOLUMEUNIT,volumeunit,=,high,table match,relationships.md,,2,relationships.md,table match,,,VOLUMEUNIT,volumeunit,MEDITEMDIS,volumeunit
MEDITEMGNR,strengthunit,STRENGTHUNIT,strengthunit,=,high,table match,relationships.md,,2,relationships.md,table match,,,STRENGTHUNIT,strengthunit,MEDITEMGNR,strengthunit
MEDUNIT,volumeunit,VOLUMEUNIT,volumeunit,=,high,table match,relationships.md,,2,relationships.md,table match,,,VOLUMEUNIT,volumeunit,MEDUNIT,volumeunit
MEDUSETYPE,medform,MEDFORM,medform,=,high,table match,relationships.md,,2,relationships.md,table match,,,MEDFORM,medform,MEDUSETYPE,medform
MEDUSEUNIT,volumeunit,VOLUMEUNIT,volumeunit,=,high,table match,relationships.md,,2,relationships.md,table match,,,VOLUMEUNIT,volumeunit,MEDUSEUNIT,volumeunit
MOLGT,ward,WARD,ward,=,high,table match,relationships.md,,1,relationships.md,table match,,,WARD,ward,MOLGT,ward
MOLGTDT,an,IPT,an,=,high,universal,relationships.md,,1,relationships.md,universal,,,IPT,an,MOLGTDT,an
MOTPDT,medunit,MEDUNIT,medunit,=,high,table match,relationships.md,,2,relationships.md,table match,,,MEDUNIT,medunit,MOTPDT,medunit
MOTPDT,motpno,MOTP,motpno,=,medium,MOTP,relationships.md,,2,relationships.md,MOTP,,,MOTP,motpno,MOTPDT,motpno
OAPP,an,IPT,an,=,high,universal,relationships.md,,2,relationships.md,universal,,,IPT,an,OAPP,an
OAPP,cancelcs,CANCELCS,cancelcs,=,high,table match,relationships.md,,1,relationships.md,table match,,,CANCELCS,cancelcs,OAPP,cancelcs
OAPP,dct,DCT,dct,=,high,table match,relationships.md,,2,relationships.md,table match,,,DCT,dct,OAPP,dct
OAPP,hn,PT,hn,=,high,universal,relationships.md,,1,relationships.md,universal,,,PT,hn,OAPP,hn
OAPP,labgrp,LABGRP,labgrp,=,high,table match,relationships.md,,2,relationships.md,table match,,,LABGRP,labgrp,OAPP,labgrp
OAPP,treatline,TREATLINE,treatline,=,high,table match,relationships.md,,1,relationships.md,table match,,,TREATLINE,treatline,OAPP,treatline
OAPP,ward,WARD,ward,=,high,table match,relationships.md,,2,relationships.md,table match,,,WARD,ward,OAPP,ward
OPDDCTORDER,an,IPT,an,=,high,universal,relationships.md,,2,relationships.md,universal,,,IPT,an,OPDDCTORDER,an
OPDDCTORDER,cliniclct,CLINICLCT,cliniclct,=,high,table match,relationships.md,,2,relationships.md,table match,,,CLINICLCT,cliniclct,OPDDCTORDER,cliniclct
OPDDCTORDER,dct,DCT,dct,=,high,table match,relationships.md,,2,relationships.md,table match,,,DCT,dct,OPDDCTORDER,dct
OPDDCTORDER,hn,OPDDCTRDO,hn,=,medium,OPDDCT,relationships.md,,1,relationships.md,OPDDCT,,,OPDDCTRDO,hn,OPDDCTORDER,hn
OPDDCTORDER,hn,PT,hn,=,high,universal,relationships.md,,1,relationships.md,universal,,,PT,hn,OPDDCTORDER,hn
OPDDCTORDER,prscno,PRSC,prscno,=,heuristic,heuristic_home,heuristic,,2,heuristic,heuristic_home,,,PRSC,prscno,OPDDCTORDER,prscno
OPDDCTORDER,pttype,PTTYPE,pttype,=,high,table match,relationships.md,,2,relationships.md,table match,,,PTTYPE,pttype,OPDDCTORDER,pttype
OPDDCTORDER,pttypeext,PTTYPEEXT,pttypeext,=,high,table match,relationships.md,,2,relationships.md,table match,,,PTTYPEEXT,pttypeext,OPDDCTORDER,pttypeext
OPDDCTPRSC,hn,OPDDCTRDO,hn,=,medium,OPDDCT,relationships.md,,1,relationships.md,OPDDCT,,,OPDDCTRDO,hn,OPDDCTPRSC,hn
OPDDCTPRSC,hn,PT,hn,=,high,universal,relationships.md,,1,relationships.md,universal,,,PT,hn,OPDDCTPRSC,hn
OPDDCTPRSC,medsymptom,MEDSYMPTOM,medsymptom,=,high,table match,relationships.md,,2,relationships.md,table match,,,MEDSYMPTOM,medsymptom,OPDDCTPRSC,medsymptom
OPDDCTPRSC,meduseqty,MEDUSEQTY,meduseqty,=,high,table match,relationships.md,,2,relationships.md,table match,,,MEDUSEQTY,meduseqty,OPDDCTPRSC,meduseqty
OPDDCTPRSC,medusetime,MEDUSETIME,medusetime,=,high,table match,relationships.md,,2,relationships.md,table match,,,MEDUSETIME,medusetime,OPDDCTPRSC,medusetime
OPDDCTPRSC,medusetype,MEDUSETYPE,medusetype,=,high,table match,relationships.md,,2,relationships.md,table match,,,MEDUSETYPE,medusetype,OPDDCTPRSC,medusetype
OPDDCTPRSC,meduseunit,MEDUSEUNIT,meduseunit,=,high,table match,relationships.md,,2,relationships.md,table match,,,MEDUSEUNIT,meduseunit,OPDDCTPRSC,meduseunit
OPDDCTPRSC,prscno,PRSC,prscno,=,heuristic,heuristic_home,heuristic,,2,heuristic,heuristic_home,,,PRSC,prscno,OPDDCTPRSC,prscno
OPDDCTRDO,an,IPT,an,=,high,universal,relationships.md,,1,relationships.md,universal,,,IPT,an,OPDDCTRDO,an
OPDDCTRDO,cliniclct,CLINICLCT,cliniclct,=,high,table match,relationships.md,,1,relationships.md,table match,,,CLINICLCT,cliniclct,OPDDCTRDO,cliniclct
OPDDCTRDO,rdoexm,RDOEXM,rdoexm,=,high,table match,relationships.md,,1,relationships.md,table match,,,RDOEXM,rdoexm,OPDDCTRDO,rdoexm
OPDLEDCALL,cliniclct,CLINICLCT,cliniclct,=,high,table match,relationships.md,,1,relationships.md,table match,,,CLINICLCT,cliniclct,OPDLEDCALL,cliniclct
OPDLEDCALL,dct,DCT,dct,=,high,table match,relationships.md,,1,relationships.md,table match,,,DCT,dct,OPDLEDCALL,dct
OPDLEDDCTPT,cliniclct,CLINICLCT,cliniclct,=,high,table match,relationships.md,,1,relationships.md,table match,,,CLINICLCT,cliniclct,OPDLEDDCTPT,cliniclct
OPDLEDDCTPT,dct,DCT,dct,=,high,table match,relationships.md,,1,relationships.md,table match,,,DCT,dct,OPDLEDDCTPT,dct
OPINTRAOP,an,IPT,an,=,high,universal,relationships.md,,1,relationships.md,universal,,,IPT,an,OPINTRAOP,an
OPPOSTOPDIAG,an,IPT,an,=,high,universal,relationships.md,,1,relationships.md,universal,,,IPT,an,OPPOSTOPDIAG,an
OPPOSTOPERATION,an,IPT,an,=,high,universal,relationships.md,,1,relationships.md,universal,,,IPT,an,OPPOSTOPERATION,an
OPPROCEDUREDCT,hn,OPPROCEDURE,hn,=,medium,OPPROC,relationships.md,,1,relationships.md,OPPROC,,,OPPROCEDURE,hn,OPPROCEDUREDCT,hn
OPPROCEDUREDCT,hn,PT,hn,=,high,universal,relationships.md,,1,relationships.md,universal,,,PT,hn,OPPROCEDUREDCT,hn
OPREQVST,an,IPT,an,=,high,universal,relationships.md,,2,relationships.md,universal,,,IPT,an,OPREQVST,an
OPREQVST,cliniclct,CLINICLCT,cliniclct,=,high,table match,relationships.md,,2,relationships.md,table match,,,CLINICLCT,cliniclct,OPREQVST,cliniclct
OPREQVST,hn,PT,hn,=,high,universal,relationships.md,,1,relationships.md,universal,,,PT,hn,OPREQVST,hn
OPREQVST,orroom,ORROOM,orroom,=,high,table match,relationships.md,,2,relationships.md,table match,,,ORROOM,orroom,OPREQVST,orroom
OPREQVST,reqst,REQST,reqst,=,high,table match,relationships.md,,2,relationships.md,table match,,,REQST,reqst,OPREQVST,reqst
OPREQVST,treatline,TREATLINE,treatline,=,high,table match,relationships.md,,1,relationships.md,table match,,,TREATLINE,treatline,OPREQVST,treatline
OPREQVST,vn,IPT,vn,=,high,universal,relationships.md,,1,relationships.md,universal,,,IPT,vn,OPREQVST,vn
OPREQVST,vn,OVST,vn,=,heuristic,heuristic_home,heuristic,,2,heuristic,heuristic_home,,home_key_override: was FK -> IPT.vn(high:universal),OVST,vn,OPREQVST,vn
OPREQVST,ward,WARD,ward,=,high,table match,relationships.md,,2,relationships.md,table match,,,WARD,ward,OPREQVST,ward
OPRTACT,icd9cm,ICD9CM,icd9cm,=,high,table match,relationships.md,,2,relationships.md,table match,,,ICD9CM,icd9cm,OPRTACT,icd9cm
OPRTACT,spclty,SPCLTY,spclty,=,high,table match,relationships.md,,1,relationships.md,table match,,,SPCLTY,spclty,OPRTACT,spclty
OPRTACT,unit,UNIT,unit,=,high,table match,relationships.md,,2,relationships.md,table match,,,UNIT,unit,OPRTACT,unit
OPRTACTICD9CM,icd9cm,ICD9CM,icd9cm,=,high,table match,relationships.md,,1,relationships.md,table match,,,ICD9CM,icd9cm,OPRTACTICD9CM,icd9cm
OPRTACTICD9CM,oprtact,OPRTACT,oprtact,=,high,table match,relationships.md,,1,relationships.md,table match,,,OPRTACT,oprtact,OPRTACTICD9CM,oprtact
OVST,an,IPT,an,=,high,universal,relationships.md,,1,relationships.md,universal,,,IPT,an,OVST,an
OVST,cliniclct,CLINICLCT,cliniclct,=,high,table match,relationships.md,,2,relationships.md,table match,,,CLINICLCT,cliniclct,OVST,cliniclct
OVST,dct,DCT,dct,=,high,table match,relationships.md,,2,relationships.md,table match,,,DCT,dct,OVST,dct
OVST,emrgncy,EMRGNCY,emrgncy,=,high,table match,relationships.md,,2,relationships.md,table match,,,EMRGNCY,emrgncy,OVST,emrgncy
OVST,hn,PT,hn,=,high,universal,relationships.md,,1,relationships.md,universal,,,PT,hn,OVST,hn
OVST,ovstist,OVSTIST,ovstist,=,high,table match,relationships.md,,2,relationships.md,table match,,,OVSTIST,ovstist,OVST,ovstist
OVST,ovstost,OVSTOST,ovstost,=,high,table match,relationships.md,,2,relationships.md,table match,,,OVSTOST,ovstost,OVST,ovstost
OVST,vn,IPT,vn,=,high,universal,relationships.md,,1,relationships.md,universal,home_key_override: was FK -> IPT.vn(high:universal),,IPT,vn,OVST,vn
OVSTDISCHANGE,cliniclct,CLINICLCT,cliniclct,=,high,table match,relationships.md,,1,relationships.md,table match,,,CLINICLCT,cliniclct,OVSTDISCHANGE,cliniclct
OVSTDISCHANGE,dctdischange,DCTDISCHANGE,dctdischange,=,high,table match,relationships.md,,1,relationships.md,table match,,,DCTDISCHANGE,dctdischange,OVSTDISCHANGE,dctdischange
OVSTDISCHANGE,hn,OVST,hn,=,medium,OVST,relationships.md,,1,relationships.md,OVST,,,OVST,hn,OVSTDISCHANGE,hn
OVSTPRESS,an,IPT,an,=,high,universal,relationships.md,,1,relationships.md,universal,,,IPT,an,OVSTPRESS,an
OVSTPRESS,cliniclct,CLINICLCT,cliniclct,=,high,table match,relationships.md,,2,relationships.md,table match,,,CLINICLCT,cliniclct,OVSTPRESS,cliniclct
OVSTPRESS,emrgncy,EMRGNCY,emrgncy,=,high,table match,relationships.md,,2,relationships.md,table match,,,EMRGNCY,emrgncy,OVSTPRESS,emrgncy
OVSTPRESS,hn,OVST,hn,=,medium,OVST,relationships.md,,2,relationships.md,OVST,,,OVST,hn,OVSTPRESS,hn
OVSTPRESS,hn,PT,hn,=,high,universal,relationships.md,,1,relationships.md,universal,,,PT,hn,OVSTPRESS,hn
OVSTPRESS,vn,IPT,vn,=,high,universal,relationships.md,,1,relationships.md,universal,,,IPT,vn,OVSTPRESS,vn
OVSTPRESS,vn,OVST,vn,=,heuristic,heuristic_home,heuristic,,2,heuristic,heuristic_home,,home_key_override: was FK -> IPT.vn(high:universal),OVST,vn,OVSTPRESS,vn
PRSC,an,IPT,an,=,high,universal,relationships.md,,1,relationships.md,universal,,,IPT,an,PRSC,an
PRSC,hn,PT,hn,=,high,universal,relationships.md,,1,relationships.md,universal,,,PT,hn,PRSC,hn
PRSC,prsctypept,PRSCTYPEPT,prsctypept,=,high,table match,relationships.md,,1,relationships.md,table match,,,PRSCTYPEPT,prsctypept,PRSC,prsctypept
PRSC,pttype,PTTYPE,pttype,=,high,table match,relationships.md,,2,relationships.md,table match,,,PTTYPE,pttype,PRSC,pttype
PRSC,pttypeext,PTTYPEEXT,pttypeext,=,high,table match,relationships.md,,2,relationships.md,table match,,,PTTYPEEXT,pttypeext,PRSC,pttypeext
PRSC,vn,IPT,vn,=,high,universal,relationships.md,,1,relationships.md,universal,,,IPT,vn,PRSC,vn
PRSC,vn,OVST,vn,=,heuristic,heuristic_home,heuristic,,2,heuristic,heuristic_home,,home_key_override: was FK -> IPT.vn(high:universal),OVST,vn,PRSC,vn
PRSCDORD,an,IPT,an,=,high,universal,relationships.md,,1,relationships.md,universal,,,IPT,an,PRSCDORD,an
PRSCDORD,meddordtype,MEDDORDTYPE,meddordtype,=,high,table match,relationships.md,,1,relationships.md,table match,,,MEDDORDTYPE,meddordtype,PRSCDORD,meddordtype
PRSCDORD,medsymptom,MEDSYMPTOM,medsymptom,=,high,table match,relationships.md,,2,relationships.md,table match,,,MEDSYMPTOM,medsymptom,PRSCDORD,medsymptom
PRSCDORD,meduseqty,MEDUSEQTY,meduseqty,=,high,table match,relationships.md,,2,relationships.md,table match,,,MEDUSEQTY,meduseqty,PRSCDORD,meduseqty
PRSCDORD,medusetime,MEDUSETIME,medusetime,=,high,table match,relationships.md,,2,relationships.md,table match,,,MEDUSETIME,medusetime,PRSCDORD,medusetime
PRSCDORD,medusetype,MEDUSETYPE,medusetype,=,high,table match,relationships.md,,2,relationships.md,table match,,,MEDUSETYPE,medusetype,PRSCDORD,medusetype
PRSCDORD,meduseunit,MEDUSEUNIT,meduseunit,=,high,table match,relationships.md,,2,relationships.md,table match,,,MEDUSEUNIT,meduseunit,PRSCDORD,meduseunit
PRSCDORD,prscno,PRSC,prscno,=,medium,PRSC,relationships.md,,2,relationships.md,PRSC,,,PRSC,prscno,PRSCDORD,prscno
PRSCDT,meddordtype,MEDDORDTYPE,meddordtype,=,high,table match,relationships.md,,1,relationships.md,table match,,,MEDDORDTYPE,meddordtype,PRSCDT,meddordtype
PRSCDT,medsymptom,MEDSYMPTOM,medsymptom,=,high,table match,relationships.md,,2,relationships.md,table match,,,MEDSYMPTOM,medsymptom,PRSCDT,medsymptom
PRSCDT,meduseqty,MEDUSEQTY,meduseqty,=,high,table match,relationships.md,,2,relationships.md,table match,,,MEDUSEQTY,meduseqty,PRSCDT,meduseqty
PRSCDT,medusetime,MEDUSETIME,medusetime,=,high,table match,relationships.md,,2,relationships.md,table match,,,MEDUSETIME,medusetime,PRSCDT,medusetime
PRSCDT,medusetype,MEDUSETYPE,medusetype,=,high,table match,relationships.md,,2,relationships.md,table match,,,MEDUSETYPE,medusetype,PRSCDT,medusetype
PRSCDT,meduseunit,MEDUSEUNIT,meduseunit,=,high,table match,relationships.md,,2,relationships.md,table match,,,MEDUSEUNIT,meduseunit,PRSCDT,meduseunit
PRSCDT,prscno,PRSC,prscno,=,heuristic,heuristic_home,heuristic,,2,heuristic,heuristic_home,,,PRSC,prscno,PRSCDT,prscno
PRSCDT,prvno,PRSC,prvno,=,medium,PRSC,relationships.md,,2,relationships.md,PRSC,,,PRSC,prvno,PRSCDT,prvno
PRSCDT,pttype,PTTYPE,pttype,=,high,table match,relationships.md,,2,relationships.md,table match,,,PTTYPE,pttype,PRSCDT,pttype
PRSCDT,pttypeext,PTTYPEEXT,pttypeext,=,high,table match,relationships.md,,2,relationships.md,table match,,,PTTYPEEXT,pttypeext,PRSCDT,pttypeext
PRSCDTEXT,prscno,PRSC,prscno,=,medium,PRSC,relationships.md,,2,relationships.md,PRSC,,,PRSC,prscno,PRSCDTEXT,prscno
PT,cancelcs,CANCELCS,cancelcs,=,high,table match,relationships.md,,1,relationships.md,table match,,,CANCELCS,cancelcs,PT,cancelcs
PT,male,MALE,male,=,high,table match,relationships.md,,2,relationships.md,table match,,,MALE,male,PT,male
PT,ntnlty,NTNLTY,ntnlty,=,high,table match,relationships.md,,2,relationships.md,table match,,,NTNLTY,ntnlty,PT,ntnlty
PTALLERGY,an,IPT,an,=,high,universal,relationships.md,,1,relationships.md,universal,,,IPT,an,PTALLERGY,an
PTALLERGY,cancelcs,CANCELCS,cancelcs,=,high,table match,relationships.md,,1,relationships.md,table match,,,CANCELCS,cancelcs,PTALLERGY,cancelcs
PTALLERGY,hn,PT,hn,=,high,universal,relationships.md,,1,relationships.md,universal,,,PT,hn,PTALLERGY,hn
PTALLERGY,icd10,ICD10,icd10,=,high,table match,relationships.md,,1,relationships.md,table match,,,ICD10,icd10,PTALLERGY,icd10
PTALLERGY,ward,WARD,ward,=,high,table match,relationships.md,,2,relationships.md,table match,,,WARD,ward,PTALLERGY,ward
PTDIAG,an,IPT,an,=,high,universal,relationships.md,,1,relationships.md,universal,,,IPT,an,PTDIAG,an
PTDIAG,cliniclct,CLINICLCT,cliniclct,=,high,table match,relationships.md,,2,relationships.md,table match,,,CLINICLCT,cliniclct,PTDIAG,cliniclct
PTDIAG,diagtype,DIAGTYPE,diagtype,=,high,table match,relationships.md,,2,relationships.md,table match,,,DIAGTYPE,diagtype,PTDIAG,diagtype
PTDIAG,hn,PT,hn,=,high,universal,relationships.md,,1,relationships.md,universal,,,PT,hn,PTDIAG,hn
PTDIAG,icd10,ICD10,icd10,=,high,table match,relationships.md,,2,relationships.md,table match,,,ICD10,icd10,PTDIAG,icd10
PTDIAG,vn,IPT,vn,=,high,universal,relationships.md,,1,relationships.md,universal,,,IPT,vn,PTDIAG,vn
PTDIAG,vn,OVST,vn,=,heuristic,heuristic_home,heuristic,,2,heuristic,heuristic_home,,home_key_override: was FK -> IPT.vn(high:universal),OVST,vn,PTDIAG,vn
PTICD9CM,an,IPT,an,=,high,universal,relationships.md,,1,relationships.md,universal,,,IPT,an,PTICD9CM,an
PTICD9CM,cliniclct,CLINICLCT,cliniclct,=,high,table match,relationships.md,,2,relationships.md,table match,,,CLINICLCT,cliniclct,PTICD9CM,cliniclct
PTICD9CM,hn,PT,hn,=,high,universal,relationships.md,,1,relationships.md,universal,,,PT,hn,PTICD9CM,hn
PTICD9CM,icd9cm,ICD9CM,icd9cm,=,high,table match,relationships.md,,2,relationships.md,table match,,,ICD9CM,icd9cm,PTICD9CM,icd9cm
PTICD9CM,vn,IPT,vn,=,high,universal,relationships.md,,1,relationships.md,universal,,,IPT,vn,PTICD9CM,vn
PTICD9CM,vn,OVST,vn,=,heuristic,heuristic_home,heuristic,,2,heuristic,heuristic_home,,home_key_override: was FK -> IPT.vn(high:universal),OVST,vn,PTICD9CM,vn
PTOPRT,an,IPT,an,=,high,universal,relationships.md,,1,relationships.md,universal,,,IPT,an,PTOPRT,an
PTOPRT,dct,DCT,dct,=,high,table match,relationships.md,,2,relationships.md,table match,,,DCT,dct,PTOPRT,dct
PTOPRT,hn,PT,hn,=,high,universal,relationships.md,,1,relationships.md,universal,,,PT,hn,PTOPRT,hn
PTOPRT,icd9cm,ICD9CM,icd9cm,=,high,table match,relationships.md,,2,relationships.md,table match,,,ICD9CM,icd9cm,PTOPRT,icd9cm
PTOPRT,oprtact,OPRTACT,oprtact,=,high,table match,relationships.md,,2,relationships.md,table match,,,OPRTACT,oprtact,PTOPRT,oprtact
PTOPRT,pttype,PTTYPE,pttype,=,high,table match,relationships.md,,2,relationships.md,table match,,,PTTYPE,pttype,PTOPRT,pttype
PTOPRT,vn,IPT,vn,=,high,universal,relationships.md,,1,relationships.md,universal,,,IPT,vn,PTOPRT,vn
PTOPRT,vn,OVST,vn,=,heuristic,heuristic_home,heuristic,,2,heuristic,heuristic_home,,home_key_override: was FK -> IPT.vn(high:universal),OVST,vn,PTOPRT,vn
PTPHYSICALEXAM,cliniclct,CLINICLCT,cliniclct,=,high,table match,relationships.md,,1,relationships.md,table match,,,CLINICLCT,cliniclct,PTPHYSICALEXAM,cliniclct
PTPHYSICALEXAM,dct,DCT,dct,=,high,table match,relationships.md,,1,relationships.md,table match,,,DCT,dct,PTPHYSICALEXAM,dct
PTTYPE,pttypegrp,PTTYPEGRP,pttypegrp,=,high,table match,relationships.md,,2,relationships.md,table match,,,PTTYPEGRP,pttypegrp,PTTYPE,pttypegrp
PTTYPEEXT,claimlct,CLAIMLCT,claimlct,=,high,table match,relationships.md,,1,relationships.md,table match,,,CLAIMLCT,claimlct,PTTYPEEXT,claimlct
PTTYPEEXT,pttype,PTTYPE,pttype,=,high,table match,relationships.md,,2,relationships.md,table match,,,PTTYPE,pttype,PTTYPEEXT,pttype
RAPP,an,IPT,an,=,high,universal,relationships.md,,1,relationships.md,universal,,,IPT,an,RAPP,an
RAPP,cancelcs,CANCELCS,cancelcs,=,high,table match,relationships.md,,1,relationships.md,table match,,,CANCELCS,cancelcs,RAPP,cancelcs
RAPP,dct,DCT,dct,=,high,table match,relationships.md,,2,relationships.md,table match,,,DCT,dct,RAPP,dct
RAPP,hn,PT,hn,=,high,universal,relationships.md,,1,relationships.md,universal,,,PT,hn,RAPP,hn
RAPP,rdogrp,RDOGRP,rdogrp,=,high,table match,relationships.md,,1,relationships.md,table match,,,RDOGRP,rdogrp,RAPP,rdogrp
RDOEXM,cancelcs,CANCELCS,cancelcs,=,high,table match,relationships.md,,1,relationships.md,table match,,,CANCELCS,cancelcs,RDOEXM,cancelcs
RDOEXM,rdogrp,RDOGRP,rdogrp,=,high,table match,relationships.md,,1,relationships.md,table match,,,RDOGRP,rdogrp,RDOEXM,rdogrp
RM,changwat,CHANGWAT,changwat,=,high,table match,relationships.md,,1,relationships.md,table match,,,CHANGWAT,changwat,RM,changwat
RVST,dct,DCT,dct,=,high,table match,relationships.md,,1,relationships.md,table match,,,DCT,dct,RVST,dct
RVST,pttype,PTTYPE,pttype,=,high,table match,relationships.md,,1,relationships.md,table match,,,PTTYPE,pttype,RVST,pttype
RVST,pttypeext,PTTYPEEXT,pttypeext,=,high,table match,relationships.md,,1,relationships.md,table match,,,PTTYPEEXT,pttypeext,RVST,pttypeext
RVSTDR,dct,DCT,dct,=,high,table match,relationships.md,,1,relationships.md,table match,,,DCT,dct,RVSTDR,dct
RVSTDR,pttype,PTTYPE,pttype,=,high,table match,relationships.md,,1,relationships.md,table match,,,PTTYPE,pttype,RVSTDR,pttype
RVSTDR,rdoexm,RDOEXM,rdoexm,=,high,table match,relationships.md,,1,relationships.md,table match,,,RDOEXM,rdoexm,RVSTDR,rdoexm
RVSTEXM,emrgncy,EMRGNCY,emrgncy,=,high,table match,relationships.md,,1,relationships.md,table match,,,EMRGNCY,emrgncy,RVSTEXM,emrgncy
RVSTEXM,pttype,PTTYPE,pttype,=,high,table match,relationships.md,,1,relationships.md,table match,,,PTTYPE,pttype,RVSTEXM,pttype
RVSTEXM,pttypeext,PTTYPEEXT,pttypeext,=,high,table match,relationships.md,,1,relationships.md,table match,,,PTTYPEEXT,pttypeext,RVSTEXM,pttypeext
RVSTEXM,rdoexm,RDOEXM,rdoexm,=,high,table match,relationships.md,,1,relationships.md,table match,,,RDOEXM,rdoexm,RVSTEXM,rdoexm
SSHPT,changwat,CHANGWAT,changwat,=,high,table match,relationships.md,,1,relationships.md,table match,,,CHANGWAT,changwat,SSHPT,changwat
WARDICU,ward,WARD,ward,=,high,table match,relationships.md,,2,relationships.md,table match,,,WARD,ward,WARDICU,ward
WARDROOMHST,dct,DCT,dct,=,high,table match,relationships.md,,1,relationships.md,table match,,,DCT,dct,WARDROOMHST,dct
WARDROOMHST,ward,WARD,ward,=,high,table match,relationships.md,,1,relationships.md,table match,,,WARD,ward,WARDROOMHST,ward
WSKIOSKVISITID,cliniclct,CLINICLCT,cliniclct,=,high,table match,relationships.md,,1,relationships.md,table match,,,CLINICLCT,cliniclct,WSKIOSKVISITID,cliniclct
WSKIOSKVISITID,dct,DCT,dct,=,high,table match,relationships.md,,1,relationships.md,table match,,,DCT,dct,WSKIOSKVISITID,dct
